,City,Country,Latitude,Longitude,Temperature,Humidity,Cloudiness,Wind Speed
0,Tuktoyaktuk,CA,69.44,-133.03,8.0,93,90,3.6
1,Whitehorse,CA,60.72,-135.06,12.0,71,20,5.7
2,Ushuaia,AR,-54.81,-68.31,-0.71,80,40,1.46
3,Bluff,NZ,-46.6,168.33,9.52,98,20,7.46
4,Amiens,FR,49.89,2.3,28.04,47,0,4.6
5,Saint-Augustin,CA,45.63,-73.98,22.42,60,90,5.1
6,Bambous Virieux,MU,-20.34,57.76,23.0,69,75,6.2
7,Kamina,CD,-8.74,25.0,28.32,28,0,3.76
8,Katsuura,JP,33.93,134.5,23.32,91,64,3.86
9,Komsomolskiy,RU,67.55,63.78,18.12,56,0,7.66
10,Taoudenni,ML,22.68,-3.98,45.12,11,0,4.56
11,Vaini,TO,-21.2,-175.2,21.0,64,40,4.1
12,Beloha,MG,-25.17,45.06,21.27,60,0,7.86
13,Gamba,GA,-2.72,10.02,23.92,92,36,5.46
14,Mtambile,TZ,-5.38,39.7,24.17,100,76,7.46
15,Hermanus,ZA,-34.42,19.24,20.37,31,0,1.06
16,Santo Domingo Suchitepequez,GT,14.48,-91.48,22.0,83,75,1.51
17,Albany,AU,-35.02,117.88,6.87,89,0,1.66
18,Port Alfred,ZA,-33.59,26.89,20.82,67,0,4.76
19,Feijo,BR,-8.16,-70.35,30.27,69,0,1.71
20,Bandarbeyla,SO,9.49,50.81,28.12,72,56,11.51
21,Prainha,BR,-1.8,-53.48,28.22,80,20,2.06
22,Pisco,PE,-13.71,-76.2,17.0,82,90,3.1
23,Mount Gambier,AU,-37.83,140.78,11.12,88,92,2.31
24,Severo-Kurilsk,RU,50.68,156.12,7.37,98,20,2.51
25,Punta Arenas,CL,-53.16,-70.91,0.0,100,90,1.0
26,Kaeo,NZ,-35.1,173.78,12.22,93,92,8.06
27,Butaritari,KI,3.07,172.79,27.62,100,36,4.61
28,Fremont,US,37.55,-121.99,15.8,77,75,3.6
29,Santa Lucia,ES,27.91,-15.54,24.0,69,20,12.3
30,Rocha,UY,-34.48,-54.34,10.87,98,92,8.51
31,Ati,TD,13.21,18.34,33.77,48,8,3.56
32,Narsaq,GL,60.91,-46.05,9.0,81,75,4.1
33,Yellowknife,CA,62.45,-114.38,14.0,71,40,4.6
34,Puerto Ayora,EC,-0.74,-90.35,23.0,78,75,4.6
35,Jiazi,CN,19.61,110.49,28.0,88,0,3.0
36,Suntar,RU,62.16,117.65,14.77,85,100,3.66
37,Kefamenanu,ID,-9.45,124.48,17.27,93,32,1.11
38,Qaanaaq,GL,77.48,-69.36,1.17,89,68,2.61
39,Saint-Philippe,RE,-21.36,55.77,22.0,60,20,8.7
40,Burnie,AU,-41.05,145.91,11.52,100,56,10.21
41,Hithadhoo,MV,-0.6,73.08,28.37,100,76,4.56
42,Busselton,AU,-33.64,115.35,13.47,100,0,4.66
43,Faanui,PF,-16.48,-151.75,27.02,100,68,2.51
44,Cambrai,FR,50.18,3.24,26.25,39,0,5.7
45,Chokurdakh,RU,70.62,147.9,9.47,100,88,5.26
46,New Norfolk,AU,-42.78,147.06,8.0,61,40,7.7
47,Makakilo City,US,21.35,-158.09,23.88,94,90,3.76
48,Klaksvik,FO,62.23,-6.59,11.0,81,20,7.7
49,Lae,PG,-6.72,146.98,18.62,100,56,0.81
50,Kailua,US,21.39,-157.74,23.84,94,90,3.76
51,Chintamani,IN,13.4,78.05,22.31,100,75,4.6
52,Hilo,US,19.71,-155.08,21.0,88,1,3.1
53,Beringovskiy,RU,63.05,179.32,7.52,100,92,10.36
54,Rikitea,PF,-23.12,-134.97,24.07,100,68,8.71
55,Fort Nelson,CA,58.81,-122.69,13.0,76,75,3.1
56,Saldanha,ZA,-33.01,17.94,25.0,29,0,4.1
57,Horta,PT,40.42,-8.49,22.0,78,40,4.1
58,Behshahr,IR,36.69,53.54,29.0,74,75,3.1
59,Atuona,PF,-9.8,-139.03,26.42,100,0,7.21
60,Cape Town,ZA,-33.93,18.42,25.0,23,0,3.6
61,Wilmington,US,39.75,-75.55,22.38,46,1,2.1
62,Illescas,ES,40.12,-3.85,32.71,21,40,2.1
63,Gasa,BT,27.91,89.73,5.32,81,92,0.86
64,Grindavik,IS,63.84,-22.43,10.22,93,90,9.8
65,Svetlogorsk,RU,53.14,59.15,27.0,54,75,6.0
66,Manta,EC,-0.95,-80.73,22.0,94,90,5.7
67,Termoli,IT,42.0,14.99,25.52,57,0,7.46
68,Hasaki,JP,35.73,140.83,25.0,100,75,4.1
69,Nuoro,IT,40.32,9.33,28.36,54,20,6.2
70,Saskylakh,RU,71.97,114.09,8.12,70,68,2.11
71,Dalbandin,PK,28.9,64.41,34.62,8,0,3.71
72,Pevek,RU,69.7,170.27,1.67,90,88,5.21
73,Cabo San Lucas,MX,22.89,-109.91,24.0,69,20,2.66
74,Ribeira Grande,PT,38.52,-28.7,23.0,78,20,4.1
75,Phatthalung,TH,7.62,100.08,27.42,77,36,3.76
76,Bredasdorp,ZA,-34.53,20.04,26.0,61,0,4.1
77,Dikson,RU,73.51,80.55,8.87,75,20,8.26
78,Barrow,US,39.51,-90.4,21.4,73,1,2.06
79,Carnarvon,AU,-24.87,113.63,15.92,100,0,2.76
80,Cayenne,GF,4.94,-52.33,30.0,74,40,1.5
81,Arraial do Cabo,BR,-22.97,-42.02,25.0,61,0,2.1
82,Nome,US,30.04,-94.42,25.73,83,90,1.5
83,Dalvik,IS,65.97,-18.53,14.0,58,20,8.7
84,Sangin,AF,32.07,64.85,33.32,13,0,1.96
85,Sitka,US,37.17,-99.65,28.97,55,0,3.21
86,Asyut,EG,27.18,31.19,39.0,15,0,5.1
87,Kapaa,US,22.08,-159.32,22.47,94,75,9.3
88,Alofi,NU,-19.06,-169.92,23.62,100,0,9.71
89,Sola,VU,-13.88,167.55,26.62,92,44,5.06
90,Lensk,RU,60.71,114.91,13.67,93,92,3.41
91,Iwanai,JP,42.97,140.51,14.82,95,68,1.06
92,Hobart,AU,-42.88,147.33,8.0,61,40,7.7
93,General Artigas,PY,-26.93,-56.22,10.59,76,90,6.2
94,Haines Junction,CA,60.75,-137.51,8.42,78,0,1.31
95,North Bend,US,43.41,-124.22,12.71,82,90,3.6
96,Tuatapere,NZ,-46.13,167.69,7.17,100,64,3.41
97,Maragogi,BR,-9.01,-35.22,24.67,94,92,4.41
98,Hofn,IS,64.25,-15.21,13.0,71,20,8.2
99,Maniitsoq,GL,65.42,-52.9,5.97,78,48,2.96
100,Nikolskoye,RU,59.7,30.79,17.0,77,75,5.0
101,Kortkeros,RU,61.81,51.56,20.0,77,40,3.0
102,Mahebourg,MU,-20.41,57.7,23.0,69,75,6.2
103,Porbandar,IN,21.64,69.61,28.17,91,100,5.71
104,Kavaratti,IN,10.57,72.64,28.72,96,88,10.21
105,Evansville,US,37.97,-87.56,23.2,73,1,1.5
106,Kodiak,US,39.95,-94.76,20.0,77,1,3.66
107,Mnogovershinnyy,RU,53.94,139.92,12.52,84,0,0.86
108,Progreso,MX,20.25,-99.19,16.47,84,48,1.46
109,Coihaique,CL,-45.58,-72.07,-5.91,92,90,1.16
110,Antalaha,MG,-14.9,50.28,23.17,77,80,6.01
111,Castro,CL,-42.48,-73.76,7.07,97,0,1.76
112,Atasu,KZ,48.68,71.64,28.97,38,0,3.41
113,Kavieng,PG,-2.57,150.8,28.67,100,68,1.46
114,Deputatskiy,RU,69.3,139.9,16.87,76,0,2.41
115,Batemans Bay,AU,-35.71,150.18,12.77,74,0,4.76
116,Grand Gaube,MU,-20.01,57.66,23.0,69,75,6.2
117,Port Hardy,CA,50.7,-127.42,14.0,93,75,1.5
118,Jinchang,CN,38.52,102.19,12.42,89,20,1.31
119,Axim,GH,4.87,-2.24,25.02,100,64,4.81
120,Quebrada Larga,HN,14.1,-86.37,23.67,73,64,2.61
121,Pirovskoye,RU,57.63,92.27,14.52,69,20,2.06
122,Jamestown,SH,-15.94,-5.72,20.02,100,0,5.66
123,Wewak,PG,-3.55,143.63,24.57,97,56,1.06
124,Raudeberg,NO,61.99,5.14,17.02,76,75,7.2
125,Meulaboh,ID,4.14,96.13,24.42,100,92,2.36
126,Salalah,OM,17.01,54.1,28.0,83,75,5.7
127,Northam,AU,-31.65,116.67,13.0,71,0,2.6
128,East London,ZA,-33.02,27.91,20.0,77,0,6.7
129,Markivka,UA,49.52,39.57,25.97,48,20,5.11
130,Yulara,AU,-25.24,130.99,7.0,45,0,3.6
131,Norman Wells,CA,65.28,-126.83,13.0,82,40,2.6
132,Tura,RU,64.27,100.22,11.52,82,12,0.91
133,Kudahuvadhoo,MV,2.67,72.89,29.47,98,88,5.26
134,Avarua,CK,-21.21,-159.78,20.0,68,75,4.6
135,Ponta do Sol,CV,17.2,-25.09,23.42,100,0,4.06
136,Sao Joao da Barra,BR,-21.64,-41.05,24.52,93,0,5.06
137,Tual,ID,-5.67,132.75,26.42,99,12,7.61
138,Sibu,MY,2.29,111.83,28.0,88,75,1.81
139,Korla,CN,41.76,86.15,27.12,32,92,2.61
140,Salina Cruz,MX,16.18,-95.2,28.27,66,0,5.66
141,Esperance,AU,-33.86,121.89,8.97,74,0,4.66
142,Garh Maharaja,PK,30.83,71.9,35.92,47,0,4.36
143,Saint George,BM,32.38,-64.68,28.0,74,75,6.7
144,Porterville,US,36.07,-119.02,21.27,49,1,2.6
145,Le Port,RE,-20.94,55.29,22.0,64,90,8.2
146,Yerbogachen,RU,61.28,108.01,8.77,99,92,3.21
147,Rafaela,AR,-31.25,-61.49,10.27,83,68,6.01
148,Taiyuan,CN,37.86,112.56,22.0,73,75,1.0
149,Kroya,ID,-6.5,108.06,24.02,77,0,1.36
150,Tshikapa,CD,-6.42,20.79,30.62,33,0,2.21
151,Suluq,LY,31.67,20.25,29.0,62,0,10.3
152,Clyde River,CA,70.47,-68.59,10.0,66,75,2.1
153,Mar del Plata,AR,-46.43,-67.52,-0.54,100,0,2.06
154,Vao,NC,-22.67,167.48,21.62,100,0,1.41
155,Chuy,UY,-33.69,-53.46,13.22,99,92,10.71
156,Bone,ID,-2.49,120.3,16.12,100,76,0.76
157,Lebu,CL,-37.62,-73.65,11.67,100,0,8.61
158,Havelock,US,34.88,-76.9,22.39,88,90,8.2
159,Vanimo,PG,-2.67,141.3,28.62,100,92,3.21
160,Portland,AU,-33.35,149.98,5.92,74,8,3.56
161,Geraldton,AU,-28.77,114.6,9.0,81,0,2.1
162,Erzin,RU,50.26,95.16,11.42,49,0,2.76
163,Onega,RU,63.91,38.09,15.92,79,12,6.01
164,Upernavik,GL,72.79,-56.15,0.37,100,48,5.01
165,Bellavista,PE,-7.06,-76.59,23.0,88,20,0.56
166,San Patricio,MX,19.22,-104.7,23.0,73,40,3.1
167,Evensk,RU,61.92,159.24,10.92,96,88,2.76
168,Kosonsoy,UZ,41.25,71.55,38.0,21,24,2.1
169,Port Shepstone,ZA,-30.74,30.45,18.62,97,36,4.31
170,Kautokeino,NO,69.01,23.04,15.12,69,48,1.61
171,Khatanga,RU,71.98,102.47,12.77,56,0,2.31
172,Zunyi,CN,27.73,106.92,20.62,96,88,1.16
173,Murmashi,RU,68.82,32.82,18.0,45,0,5.0
174,Adrar,DZ,27.87,-0.29,48.0,6,76,10.3
175,Oranjemund,NA,-28.55,16.43,20.52,68,0,4.31
176,Kutum,SD,14.2,24.66,24.62,77,24,4.16
177,Urengoy,RU,65.96,78.37,17.87,96,88,6.26
178,Qianan,CN,44.99,124.06,21.12,94,12,6.46
179,Uk,RU,55.08,98.86,11.77,95,92,1.31
180,Praia,CV,14.92,-23.51,26.67,87,20,1.26
181,Minna,NG,9.62,6.55,30.57,76,68,2.36
182,Amuntai,ID,-2.42,115.25,23.82,94,32,0.76
183,Kahului,US,20.89,-156.47,21.84,94,20,5.1
184,Cherskiy,RU,68.75,161.3,7.47,55,92,2.91
185,Strezhevoy,RU,60.73,77.6,24.0,47,0,4.0
186,Soe,ID,-9.86,124.28,17.27,93,32,1.11
187,Los Llanos de Aridane,ES,28.66,-17.92,24.0,64,20,5.1
188,Poum,NC,-20.23,164.02,23.47,100,48,3.56
189,Marsh Harbour,BS,26.54,-77.06,28.67,99,12,2.51
190,Abbeville,US,29.97,-92.13,24.27,100,90,1.86
191,Mayo,CA,63.59,-135.9,12.0,81,20,2.26
192,Muros,ES,42.77,-9.06,27.0,61,40,3.6
193,Vestmannaeyjar,IS,63.44,-20.27,10.0,93,40,7.7
194,Blythe,US,33.61,-114.59,33.0,38,1,2.6
195,Leningradskiy,RU,69.38,178.42,-0.89,97,68,8.66
196,Aklavik,CA,68.22,-135.01,15.14,87,75,1.5
197,Dingle,IE,52.14,-10.27,18.17,86,8,2.91
198,Noumea,NC,-22.28,166.46,15.0,87,0,0.5
199,Ust-Nera,RU,64.57,143.24,15.12,67,0,0.86
200,Chernyshevskiy,RU,63.01,112.47,7.77,93,92,3.26
201,Mali,GN,12.08,-12.3,25.97,91,80,1.51
202,Thompson,CA,55.74,-97.86,14.0,71,90,4.1
203,Kindu,CD,-2.95,25.92,33.77,23,0,0.71
204,Alta Floresta,BR,-9.87,-56.08,31.52,49,0,1.31
205,Neiafu,TO,-18.65,-173.98,21.0,88,75,2.6
206,Guozhen,CN,29.3,113.14,24.47,97,88,1.61
207,Cidreira,BR,-30.17,-50.22,13.62,86,0,10.96
208,Gazli,UZ,40.13,63.45,37.02,12,0,3.36
209,Biak,ID,-0.91,122.88,23.12,100,68,2.61
210,Hsinchu,TW,24.8,120.97,27.96,83,40,1.5
211,Bilibino,RU,68.06,166.44,8.97,61,56,1.11
212,Hamilton,BM,32.3,-64.78,28.0,74,75,6.7
213,Palasa,IN,18.77,84.42,28.27,97,48,4.26
214,Olga,RU,43.74,135.29,10.07,90,76,0.96
215,Terra Nova,BR,-12.41,-38.62,23.0,94,75,5.1
216,Nemuro,JP,43.32,145.57,10.72,100,36,4.31
217,Torbay,CA,47.66,-52.73,18.35,42,20,11.8
218,Marshfield,US,42.09,-70.71,22.08,60,1,1.11
219,Machinga,MW,-15.18,35.3,21.0,77,40,7.7
220,Griffith,AU,-34.29,146.06,10.12,86,56,4.61
221,Baruun-Urt,MN,46.68,113.28,10.77,93,44,5.26
222,Bethel,US,60.79,-161.76,8.0,100,90,9.8
223,Arnedo,ES,42.23,-2.1,30.08,45,20,2.1
224,Tiksi,RU,71.64,128.87,3.27,95,88,4.31
225,Sharan,AF,33.15,68.78,23.77,19,12,2.66
226,Norfolk,US,36.85,-76.29,23.17,69,75,7.7
227,Argentan,FR,48.74,-0.02,25.0,53,0,5.1
228,Omsukchan,RU,62.53,155.8,13.22,70,12,1.31
229,Cap Malheureux,MU,-19.98,57.61,23.0,69,75,3.6
230,Srednekolymsk,RU,67.46,153.71,17.87,62,0,1.16
231,Kiunga,PG,-6.12,141.3,22.67,96,88,0.86
232,Harper,LR,4.38,-7.71,25.97,100,80,5.31
233,Cavalcante,BR,-13.79,-47.46,29.37,33,0,3.56
234,Segou,ML,13.43,-6.22,31.82,87,12,2.06
235,Lakes Entrance,AU,-37.88,147.99,11.22,88,92,8.06
236,Takoradi,GH,4.89,-1.75,25.07,94,80,3.91
237,Mabaruma,GY,8.2,-59.78,25.67,100,80,1.76
238,Celestun,MX,20.87,-90.4,27.22,100,20,5.46
239,Naze,JP,28.37,129.48,26.92,99,8,5.46
240,Mana,GF,5.67,-53.78,30.67,68,8,1.56
241,Hutchinson,US,38.06,-97.93,21.37,77,1,3.51
242,Secunda,ZA,-26.52,29.2,14.12,39,0,2.16
243,Verrettes,HT,19.05,-72.47,30.0,58,20,6.2
244,Kayes,ML,14.44,-11.44,31.47,85,0,2.76
245,Araouane,ML,18.9,-3.53,43.62,13,0,3.76
246,Collie,AU,-33.36,116.15,5.97,85,0,1.61
247,Mount Isa,AU,-20.73,139.49,15.0,22,0,4.6
248,Alto Araguaia,BR,-17.32,-53.22,29.97,27,0,1.76
249,Dunedin,NZ,-45.87,170.5,2.97,79,64,1.21
250,Mangochi,MW,-14.48,35.26,22.67,61,80,3.81
251,Provideniya,RU,64.42,-173.23,4.42,100,100,11.76
252,Srivardhan,IN,18.03,73.02,22.82,100,92,1.71
253,Tigil,RU,57.8,158.67,11.97,75,0,4.11
254,Huilong,CN,31.15,106.5,26.27,78,92,2.01
255,Point Pedro,LK,9.82,80.23,30.27,85,32,11.41
256,Nicoya,CR,10.15,-85.45,29.0,66,20,2.1
257,Kuah,MY,6.33,99.84,28.0,88,75,0.5
258,Ostrovnoy,RU,68.05,39.51,9.52,77,0,6.16
259,Weinan,CN,34.5,109.46,23.0,94,90,2.0
260,Nanakuli,US,21.39,-158.15,23.52,94,90,2.1
261,Tommot,RU,58.97,126.27,20.32,54,0,1.86
262,Isangel,VU,-19.55,169.27,24.07,97,24,4.11
263,Souillac,MU,-20.52,57.52,23.0,69,75,3.6
264,Georgetown,SH,-7.93,-14.42,24.47,100,68,7.46
265,Kaitangata,NZ,-46.28,169.85,3.12,72,8,2.51
266,Kirtipur,NP,27.68,85.28,24.0,83,75,2.6
267,Cornelius,US,45.52,-123.06,14.34,93,1,2.1
268,Nanortalik,GL,60.14,-45.24,2.62,97,92,1.31
269,Handia,IN,25.36,82.19,32.52,61,8,4.61
270,Kruisfontein,ZA,-34.0,24.73,20.27,61,0,2.86
271,Honiara,SB,-9.43,159.96,23.0,100,75,1.76
272,Qinhuangdao,CN,39.94,119.59,21.12,100,92,1.31
273,Marsaxlokk,MT,35.84,14.54,30.0,40,0,5.7
274,Kalabo,ZM,-15.0,22.67,22.47,36,76,3.31
275,Tasiilaq,GL,65.61,-37.64,6.0,87,75,5.7
276,Smolenka,RU,54.28,56.05,26.0,54,75,4.0
277,Port-Gentil,GA,-0.72,8.78,27.0,74,40,6.7
278,Umea,SE,63.83,20.26,20.0,56,0,4.1
279,Constitucion,MX,23.99,-104.67,18.0,72,40,1.91
280,Ixtapa,MX,20.71,-105.21,24.0,100,75,2.1
281,Gaya,NE,11.88,3.46,33.02,75,36,2.06
282,Shieli,KZ,44.18,66.74,36.62,17,0,5.26
283,Svolvaer,NO,68.23,14.57,12.0,81,75,3.6
284,Port Augusta,AU,-32.49,137.76,9.0,81,90,2.1
285,Vanavara,RU,60.35,102.28,13.87,59,80,2.76
286,Chontalpa,MX,17.7,-93.52,29.47,65,56,3.66
287,Prince Rupert,CA,54.32,-130.32,14.0,93,90,2.1
288,Aswan,EG,24.09,32.9,42.0,9,0,6.7
289,Fortuna,US,40.6,-124.16,13.0,93,90,2.6
290,Port Keats,AU,-14.25,129.55,19.62,63,0,5.51
291,Hualmay,PE,-11.1,-77.61,17.27,80,24,1.31
292,Igarka,RU,67.47,86.57,18.72,42,88,9.16
293,Comrat,MD,46.3,28.66,25.57,57,88,3.31
294,Gidam,IN,18.98,81.4,22.12,96,64,2.16
295,Dong Xoai,VN,11.53,106.92,22.97,98,92,1.41
296,Karratha,AU,-20.74,116.85,11.12,76,0,1.31
297,Mikkeli,FI,61.69,27.27,17.0,82,90,1.5
298,Grand-Santi,GF,4.27,-54.38,29.47,66,0,1.61
299,Kingston,CA,44.23,-76.48,23.39,78,75,5.7
300,Benjamin Hill,MX,30.17,-111.1,28.27,55,0,1.81
301,Gao,ML,16.28,-0.04,36.87,44,0,2.41
302,Kargasok,RU,59.06,80.87,17.82,63,0,1.96
303,Nouakchott,MR,18.08,-15.98,24.17,100,36,4.16
304,Smidovich,RU,48.6,133.81,16.87,69,64,1.51
305,Kalmunai,LK,7.42,81.82,27.92,67,12,3.91
306,Berlevag,NO,70.86,29.09,14.0,67,0,3.1
307,Vestmanna,FO,62.16,-7.17,11.0,81,68,7.7
308,Sorland,NO,67.67,12.69,11.0,93,75,8.2
309,Amga,RU,60.89,131.98,20.62,85,0,1.06
310,Marfino,RU,56.07,37.56,20.35,72,40,5.0
311,Westport,IE,53.8,-9.52,20.0,72,75,2.1
312,Fairbanks,US,64.84,-147.72,16.99,67,90,4.46
313,Port Elizabeth,ZA,-33.92,25.57,19.0,48,0,3.1
314,Betul,IN,21.92,77.9,26.32,83,48,4.66
315,Curaca,BR,-8.99,-39.91,29.57,39,0,4.56
316,Victor Harbor,AU,-35.55,138.62,13.0,66,75,3.6
317,Rio Grande,BR,-32.03,-52.1,14.0,76,20,6.7
318,Murgab,TM,37.5,61.97,42.0,8,0,6.2
319,Buala,SB,-8.15,159.59,26.62,97,92,4.46
320,Columbus,US,32.46,-84.99,24.6,94,90,1.5
321,Ekhabi,RU,53.51,142.97,13.27,61,0,2.41
322,Taunggyi,MM,20.78,97.03,19.62,100,92,1.01
323,Mao,TD,14.12,15.31,35.07,52,0,3.71
324,Tougan,BF,13.07,-3.07,30.97,87,0,1.96
325,Bonavista,CA,48.65,-53.11,16.97,59,0,9.06
326,Pitimbu,BR,-7.47,-34.81,25.0,83,75,5.1
327,Taltal,CL,-25.41,-70.49,15.02,81,0,0.06
328,Cururupu,BR,-1.82,-44.87,27.67,87,68,3.81
329,Gushikawa,JP,26.35,127.87,27.36,83,1,4.1
330,Ilulissat,GL,69.22,-51.1,6.0,70,40,3.1
331,Bitung,ID,1.44,125.19,28.0,65,40,3.6
332,Nizhniy Kislyay,RU,50.86,40.17,24.02,53,48,6.96
333,Hare Bay,CA,48.86,-53.99,21.0,37,20,8.7
334,Yarmouth,CA,43.84,-66.12,18.0,82,40,4.6
335,Jiuquan,CN,39.73,98.49,14.32,60,0,1.86
336,Tomatlan,MX,19.93,-105.25,26.17,86,80,1.46
337,Dutse,NG,11.76,9.34,34.12,57,12,2.11
338,Luderitz,NA,-26.65,15.16,22.67,43,0,1.76
339,Vana-Vigala,EE,58.78,24.25,24.0,50,75,5.1
340,Iqaluit,CA,63.75,-68.52,7.0,70,20,5.7
341,Jiangyou,CN,31.78,104.73,22.87,89,92,1.21
342,Okato,NZ,-39.19,173.88,13.17,98,92,11.26
343,Filadelfia,PY,-22.35,-60.04,14.12,88,80,6.91
344,Kyra,RU,49.58,111.97,9.77,66,48,2.96
345,Longyearbyen,SJ,78.22,15.64,9.0,70,75,4.1
346,Ancud,CL,-41.87,-73.83,7.17,96,0,1.96
347,Camacha,PT,33.08,-16.33,24.13,69,20,6.2
348,Haapsalu,EE,58.95,23.55,17.0,77,0,6.2
349,Novaya Zaimka,RU,56.49,66.92,28.27,47,68,3.16
350,Kendari,ID,-3.99,122.52,22.42,88,68,1.31
351,Samarai,PG,-10.62,150.67,25.42,99,88,9.76
352,Hokitika,NZ,-42.72,170.96,9.27,100,92,6.66
353,Chilliwack,CA,49.17,-121.95,13.64,87,20,2.1
354,Balkanabat,TM,39.51,54.36,38.12,21,68,1.51
355,Ossora,RU,59.24,163.07,8.72,97,32,2.91
356,Djambala,CG,-2.55,14.76,28.52,64,0,3.76
357,Te Anau,NZ,-45.41,167.72,1.47,94,48,1.06
358,Charters Towers,AU,-20.07,146.27,9.57,49,0,3.76
359,Kysyl-Syr,RU,63.9,122.77,20.82,60,0,3.76
360,Fuling,CN,29.71,107.39,26.52,79,88,1.11
361,Dondo,MZ,-19.62,34.74,22.0,88,75,4.86
362,Puri,IN,19.8,85.85,30.0,84,40,4.1
363,Vimperk,CZ,49.05,13.77,22.47,46,8,3.41
364,Nacimiento,CL,-37.5,-72.67,6.0,100,0,2.71
365,San Diego,GT,14.79,-89.78,22.07,68,24,0.86
366,Cabedelo,BR,-6.97,-34.84,25.0,83,75,5.1
367,Vila Velha,BR,-3.71,-38.6,29.0,58,40,6.7
368,Paamiut,GL,61.99,-49.67,4.07,98,92,3.01
369,Ginir,ET,7.14,40.71,22.17,54,76,3.71
370,Elban,RU,50.1,136.51,16.07,84,24,0.56
371,Hambantota,LK,6.12,81.12,25.22,100,56,7.81
372,Bangassou,CF,4.74,22.82,28.67,66,8,0.86
373,Hailey,US,43.52,-114.32,16.0,55,40,4.6
374,Iquitos,PE,-3.75,-73.25,24.0,88,75,2.1
375,Whitefish,US,48.41,-114.33,14.0,62,1,1.5
376,Ojinaga,MX,29.57,-104.42,23.27,66,92,1.76
377,Mitsamiouli,KM,-11.38,43.28,27.0,61,20,7.7
378,Lorengau,PG,-2.02,147.27,26.72,100,80,1.91
379,Zambezi,ZM,-13.55,23.12,23.07,39,32,3.21
380,Horodyshche,UA,50.76,29.29,27.0,39,76,4.0
381,Kraslava,LV,55.9,27.16,22.52,55,0,6.61
382,Lagoa,PT,37.14,-8.45,26.0,57,0,4.1
383,Yumen,CN,40.29,97.04,20.87,35,0,3.46
384,Malinovoye Ozero,RU,51.68,79.77,22.22,39,0,3.41
385,Victoria,SC,-4.62,55.45,24.0,94,90,8.2
386,Roma,AU,-26.57,148.79,5.67,86,0,4.91
387,Annaka,JP,36.34,138.77,18.32,93,56,0.96
388,Tianpeng,CN,28.88,112.34,25.37,96,88,1.81
389,Phan Thiet,VN,10.93,108.1,25.52,100,32,5.31
390,Barra Patuca,HN,15.8,-84.28,29.17,85,0,6.86
391,The Valley,AI,18.22,-63.06,29.03,69,40,8.2
392,Olinda,BR,-22.82,-43.41,27.57,39,0,2.6
393,Myitkyina,MM,25.38,97.4,25.17,97,88,1.06
394,Aksu,CN,41.12,80.26,19.97,60,0,1.46
395,Shakawe,BW,-18.36,21.84,20.22,45,76,2.61
396,Mehamn,NO,71.03,27.85,13.77,76,56,1.21
397,Douglas,US,31.51,-82.85,24.42,94,90,3.1
398,Kinkala,CG,-4.35,14.75,29.0,62,0,2.1
399,Mayumba,GA,-3.44,10.65,23.67,88,36,3.86
400,Monrovia,LR,6.33,-10.8,26.12,94,92,2.66
401,Iguape,BR,-24.7,-47.56,26.27,68,36,4.21
402,Nouadhibou,MR,20.93,-17.03,27.0,57,8,4.6
403,San Vicente,PH,14.11,122.87,24.87,100,92,3.41
404,Orlik,RU,52.51,99.83,1.67,100,92,1.06
405,Selma,US,36.57,-119.61,21.49,37,1,2.1
406,Pangnirtung,CA,66.15,-65.72,3.62,88,32,2.06
407,Jawhar,SO,2.78,45.5,24.77,77,68,6.56
408,General Roca,AR,-39.03,-67.58,7.0,93,75,0.5
409,Warmbad,NA,-28.45,18.73,17.97,48,36,3.41
410,Townsville,AU,-19.26,146.82,15.0,77,0,1.5
411,Talnakh,RU,69.49,88.39,11.87,85,92,6.01
412,Toktogul,KG,41.87,72.95,14.82,78,24,0.91
413,Gazanjyk,TM,39.24,55.52,38.82,23,64,1.66
414,Babaeski,TR,41.43,27.09,26.87,51,76,2.41
415,Kimberley,CA,49.68,-115.98,13.0,66,20,2.1
416,Tarakan,ID,3.3,117.63,26.02,100,64,0.96
417,Saint-Francois,GP,16.25,-61.27,30.0,66,75,6.2
418,Daru,PG,-9.07,143.21,24.82,94,100,7.06
419,Dunyapur,PK,29.8,71.74,39.0,40,0,5.1
420,Coos Bay,US,43.37,-124.22,12.68,82,90,3.6
421,Paracuru,BR,-3.41,-39.03,29.0,58,40,6.7
422,Flinders,AU,-34.58,150.85,12.0,58,0,7.7
423,Sale,AU,-38.11,147.06,11.57,80,100,5.01
424,Kirovskiy,RU,45.09,133.51,14.62,76,76,0.91
425,Manadhoo,MV,5.77,73.38,28.82,98,88,7.31
426,Petropavlovsk-Kamchatskiy,RU,53.05,158.65,11.0,81,0,1.0
427,Show Low,US,34.25,-110.03,19.42,56,1,4.6
428,Chumikan,RU,54.72,135.31,10.17,93,36,1.06
429,Banda Aceh,ID,5.56,95.32,25.07,91,36,2.06
430,Koumac,NC,-20.56,164.28,18.62,94,8,2.31
431,Caravelas,BR,-17.73,-39.27,24.57,100,88,3.46
432,Kamaishi,JP,39.28,141.86,20.17,100,100,0.71
433,Chikola,RU,43.2,43.92,31.0,29,40,2.0
434,Mehran,IR,33.12,46.17,35.0,13,0,4.1
435,Lompoc,US,34.64,-120.46,16.84,82,20,2.41
436,Tezu,IN,27.93,96.16,21.12,98,92,0.26
437,Khandyga,RU,62.65,135.58,20.82,68,36,1.31
438,Hashtrud,IR,37.48,47.05,28.72,17,0,2.66
439,Roura,GF,4.73,-52.33,29.0,79,75,2.6
440,Puerto Escondido,MX,15.86,-97.07,25.0,73,75,2.1
441,Cockburn Town,BS,24.03,-74.52,29.17,88,0,6.66
442,Margate,ZA,-30.86,30.37,18.62,97,36,4.31
443,Ajdabiya,LY,30.75,20.22,31.87,41,0,9.06
444,Namibe,AO,-15.19,12.15,23.87,89,0,1.96
445,Chase,CA,50.82,-119.69,13.0,82,20,1.0
446,Lohardaga,IN,23.43,84.68,29.0,74,40,1.5
447,Ust-Kuyga,RU,70.0,135.55,9.27,96,68,4.71
448,Husavik,IS,66.04,-17.34,13.0,58,20,8.7
449,Caconda,AO,-13.73,15.06,22.72,30,88,1.66
450,Henties Bay,NA,-22.12,14.28,25.67,43,68,1.96
451,High Level,CA,58.52,-117.13,9.0,87,75,2.6
452,Baghdad,IQ,33.3,44.38,44.0,12,0,5.1
453,Half Moon Bay,US,37.46,-122.43,15.8,72,1,4.31
454,Okmulgee,US,35.62,-95.96,26.25,78,1,3.6
455,Houston,CA,54.4,-126.65,9.0,93,40,1.0
456,Thinadhoo,MV,0.53,72.93,29.32,100,92,5.01
457,Nueva Helvecia,UY,-34.28,-57.23,11.0,87,20,7.2
458,Price,US,39.6,-110.81,23.0,38,1,2.1
459,Quatre Cocos,MU,-20.21,57.76,23.0,69,75,3.6
460,Tagusao,PH,9.19,117.81,26.82,95,64,3.51
461,Okhotsk,RU,59.36,143.24,12.22,90,44,0.96
462,Biloela,AU,-24.4,150.51,6.57,68,0,5.16
463,Bathsheba,BB,13.22,-59.52,27.0,83,75,7.2
464,Muravlenko,RU,63.79,74.5,18.87,96,76,5.56
465,Udachnyy,RU,66.42,112.4,8.17,81,92,1.21
466,San Andres,CO,8.22,-76.58,30.0,79,40,4.1
467,Canutama,BR,-6.53,-64.38,31.32,56,0,1.46
468,Talaya,RU,55.79,84.89,16.87,56,0,4.66
469,Brigantine,US,39.41,-74.36,23.24,53,1,4.6
470,Den Helder,NL,52.96,4.76,19.28,52,0,5.1
471,Abasolo,MX,20.45,-101.53,18.0,77,75,3.1
472,Lar,IR,27.66,54.32,44.0,11,0,4.1
473,Umarkot,IN,19.67,82.22,23.67,94,80,3.66
474,Laela,TZ,-8.57,32.05,20.82,46,92,3.76
475,Melendugno,IT,40.27,18.34,27.3,57,0,8.7
476,Kieta,PG,-6.22,155.63,24.02,100,92,1.51
477,Dire Dawa,ET,9.59,41.86,30.0,42,75,6.2
478,El Sauzal,MX,18.18,-95.22,24.0,94,90,2.21
479,Wokha,IN,26.1,94.25,25.57,94,36,1.16
480,Kota Tinggi,MY,1.73,103.9,28.66,74,75,3.6
481,Sirnak,TR,37.52,42.46,26.97,16,0,1.06
482,Coahuayana,MX,18.62,-100.35,20.17,88,44,0.71
483,Baijiantan,CN,45.63,85.18,30.12,21,76,3.01
484,Esso,RU,55.93,158.7,0.77,84,32,0.91
485,Rust,AT,47.8,16.68,25.01,44,75,3.6
486,Sharjah,AE,25.36,55.39,37.99,45,0,4.6
487,Moreni,RO,44.98,25.65,25.49,61,20,3.1
488,Katangli,RU,51.71,143.23,10.87,80,0,2.66
489,Foix,FR,42.97,1.61,32.0,29,0,5.7
490,Portel,BR,-1.94,-50.82,29.17,81,20,2.11
491,Sorong,ID,-0.86,131.25,26.87,100,64,7.56
492,Baykit,RU,61.68,96.39,11.07,74,0,1.56
493,Aleppo,SY,36.2,37.17,34.37,27,0,6.11
494,George Town,KY,19.29,-81.37,30.0,74,40,4.6
495,Talcahuano,CL,-36.72,-73.12,10.0,76,0,4.6
496,Kropotkin,RU,45.43,40.58,33.17,24,0,2.06
497,Rosetta,EG,31.4,30.42,31.0,55,0,5.1
498,Peniche,PT,39.36,-9.38,25.02,64,0,4.1
499,Saryg-Sep,RU,51.49,95.55,9.97,51,0,2.41
500,Churapcha,RU,62.0,132.43,22.32,77,12,1.06
501,Anloga,GH,5.79,0.9,28.0,78,20,7.7
502,Rubiataba,BR,-15.16,-49.8,30.32,39,0,3.11
503,Mandali,IQ,33.75,45.55,40.72,12,0,3.96
504,Manitowoc,US,44.09,-87.66,23.0,49,1,4.6
505,Vallenar,CL,-28.58,-70.76,17.52,51,0,0.96
506,Placer,PH,9.65,125.6,28.97,92,56,5.46
507,Itarema,BR,-2.92,-39.92,30.07,72,20,5.71
508,General Pico,AR,-35.66,-63.75,8.42,88,68,3.76
509,Otradnoye,RU,59.77,30.8,17.0,77,90,3.0
510,Jackville,CI,5.21,-4.42,28.0,78,75,5.1
511,Dumai,ID,1.68,101.45,26.32,87,32,0.76
512,Pychas,RU,56.5,52.44,25.02,53,80,1.81
513,Alcudia,ES,39.85,3.12,31.0,58,20,7.2
514,Xichang,CN,27.88,102.25,16.37,100,92,0.66
515,Matamoros,MX,25.53,-103.23,23.0,69,5,4.01
516,Vuktyl,RU,63.86,57.31,22.67,61,76,1.31
517,Vila Franca do Campo,PT,37.72,-25.43,23.0,73,20,4.1
518,Along,IN,28.17,94.8,23.02,94,92,0.76
519,Beira,MZ,-19.84,34.84,22.0,88,75,4.86
520,Nang Rong,TH,14.64,102.79,26.0,78,92,1.5
521,Sangar,RU,63.92,127.47,22.17,34,0,2.51
522,Sioux Lookout,CA,50.1,-91.92,23.43,88,90,2.1
523,Hobyo,SO,5.35,48.53,28.17,63,64,10.41
524,La Ronge,CA,55.1,-105.3,13.0,71,20,6.7
525,Sakaiminato,JP,35.55,133.23,22.0,94,90,1.5
526,Maldonado,UY,-34.91,-54.96,13.0,76,90,7.7
527,Garmsar,IR,35.22,52.34,34.72,11,0,1.01
528,Aqtobe,KZ,50.28,57.21,32.0,27,0,6.0
529,Lavrentiya,RU,65.58,-170.99,4.57,100,88,14.26
530,Tautira,PF,-17.73,-149.15,25.0,78,48,1.5
531,Mizdah,LY,31.45,12.98,38.77,20,0,3.46
532,Caiaponia,BR,-16.96,-51.81,30.47,32,8,2.01
533,Gigmoto,PH,13.78,124.39,25.87,100,88,1.41
534,Verkhnechusovskiye Gorodki,RU,58.17,57.11,20.22,84,20,2.86
535,Ballina,IE,54.11,-9.15,20.0,72,75,1.5
536,Touros,BR,-5.2,-35.46,26.37,97,20,7.46
537,Quibdo,CO,5.69,-76.66,26.0,94,75,2.6
538,Sawtell,AU,-30.38,153.1,11.0,57,0,3.6
539,Balikpapan,ID,-1.24,116.86,28.0,83,75,4.1
540,Springdale,CA,49.5,-56.06,17.02,56,8,9.06
541,Richards Bay,ZA,-28.77,32.06,17.37,96,76,1.41
542,Makat,KZ,47.65,53.35,33.72,23,0,4.66
543,Vetapalem,IN,15.78,80.32,29.77,86,68,6.06
544,Leczyca,PL,52.06,19.2,26.0,41,0,4.6
545,Craigieburn,AU,-37.6,144.94,8.68,87,0,5.1
546,Lansing,US,42.73,-84.56,23.11,53,1,3.1
547,Monywa,MM,22.12,95.13,25.27,93,92,2.51
548,Koslan,RU,63.46,48.9,20.37,81,48,2.51
549,Emerald,AU,-23.53,148.16,7.72,58,0,4.21
550,Huarmey,PE,-10.07,-78.15,19.12,67,8,1.61
551,Mandal,IN,25.44,74.57,29.67,68,64,2.76
552,Shu,KZ,43.6,73.76,31.37,20,0,4.96
553,Benghazi,LY,32.12,20.07,29.0,62,0,10.3
554,Havre-Saint-Pierre,CA,50.23,-63.6,16.0,77,75,5.7
555,Helsingborg,SE,56.05,12.69,24.22,73,0,4.6
556,Adelaide,AU,-34.93,138.6,13.0,66,75,3.6
557,Bar Harbor,US,44.39,-68.2,23.0,60,1,3.1
558,Brownsville,US,25.91,-97.49,27.24,88,1,3.1
559,Lianzhou,CN,24.79,112.38,21.77,96,44,0.86
560,Tromso,NO,69.65,18.96,15.0,58,0,3.1
561,Sauk Rapids,US,45.59,-94.17,24.63,69,1,5.1
562,Ampanihy,MG,-24.69,44.75,22.27,53,0,6.96
563,Padang,ID,-0.92,100.36,25.92,100,12,1.06
564,Nabire,ID,-3.36,135.5,19.97,98,92,0.81
565,Shelburne,CA,44.08,-80.2,23.96,41,20,5.1
566,Pacific Grove,US,36.62,-121.92,13.32,87,1,1.76
567,Ulaangom,MN,49.98,92.07,13.62,42,92,0.76
568,Xuanwu,CN,32.07,118.81,28.0,88,90,3.0
569,Valdivia,CL,-39.81,-73.25,6.0,100,75,1.0
570,Port Macquarie,AU,-31.43,152.91,11.0,57,0,2.1
571,Uglovskoye,RU,51.36,80.19,21.32,44,0,3.66
572,Umm Lajj,SA,25.02,37.27,35.17,50,0,3.86
573,Ariquemes,BR,-9.91,-63.03,33.92,28,0,1.36
574,Samoded,RU,63.61,40.52,20.12,73,44,4.36
575,Santo Antonio do Monte,BR,-20.09,-45.29,27.32,41,0,2.21
576,Takhtamygda,RU,54.1,123.57,19.17,58,92,3.86
577,Ranau,MY,5.95,116.67,23.77,70,88,0.16
578,Eureka,US,40.8,-124.16,13.0,100,90,0.31
579,Katherine,AU,-14.47,132.26,14.0,62,0,3.1
580,Morro Bay,US,35.37,-120.85,17.29,63,1,1.51
581,Sao Filipe,CV,14.9,-24.5,26.02,89,0,1.16
582,Dhali,IN,10.5,77.17,25.0,78,75,4.1
583,Kidal,ML,18.44,1.41,40.52,18,0,2.76
584,Kanniyakumari,IN,8.08,77.57,26.57,100,76,10.61
585,Lufilufi,WS,-13.87,-171.6,27.02,100,88,9.06
586,Maltahohe,NA,-24.83,16.98,18.62,29,0,4.06
587,Arlit,NE,18.74,7.39,41.02,19,0,0.66
588,Chapais,CA,49.78,-74.86,20.0,52,75,7.7
589,Sobolevo,RU,54.43,31.9,20.12,78,44,5.11
590,Baracoa,CU,20.35,-74.5,28.02,95,100,7.61
591,Kasongo,CD,-4.43,26.67,34.42,21,0,1.71
592,Vitim,RU,59.44,112.57,12.57,99,80,2.26
593,Snyder,US,32.72,-100.92,25.55,65,1,2.41
594,Maun,BW,-19.99,23.42,22.0,43,75,3.6
595,Launceston,AU,-41.43,147.14,4.0,69,0,3.1
596,Madera,MX,29.2,-108.14,19.27,83,0,1.06
597,Elk Plain,US,47.04,-122.37,13.37,100,1,1.31
598,Litovko,RU,49.24,135.18,14.92,87,24,0.96
599,Southbridge,NZ,-43.81,172.25,6.0,81,20,1.5
600,Matagami,CA,49.76,-77.63,18.0,72,75,6.7
601,Bowen,AU,-20.01,148.25,9.0,93,0,2.6
602,Simplicio Mendes,BR,-7.85,-41.91,31.37,39,12,5.21
603,Manggar,ID,-2.88,108.27,28.27,79,80,4.81
604,Bandar,ID,-4.2,104.14,30.52,49,92,4.81
605,Sechura,PE,-5.56,-80.82,19.57,90,20,4.61
606,Maningrida,AU,-12.05,134.23,23.07,73,32,7.96
607,Merzig,DE,49.44,6.64,25.79,31,0,5.1
608,Terrace Bay,CA,48.78,-87.1,16.0,77,90,2.1
609,Morant Bay,JM,17.88,-76.41,32.0,62,20,8.2
610,Albertirsa,HU,47.25,19.61,23.57,39,0,4.6
611,Seoul,KR,37.57,126.98,23.19,69,90,2.1
612,Yenagoa,NG,4.92,6.26,23.67,95,88,4.91
613,Aripuana,BR,-9.17,-60.63,32.47,44,0,1.36
614,Oktyabrskiy,RU,55.61,37.97,20.75,64,0,5.0
615,Martapura,ID,-3.41,114.85,26.0,88,40,1.5
616,Bethanien,NA,-26.5,17.16,19.17,41,8,5.26
617,Pontianak,ID,-0.02,109.34,27.0,88,20,1.5
618,Egvekinot,RU,66.32,-179.17,0.37,77,0,3.91
619,Sabang,ID,1.17,120.82,27.87,100,8,1.06
620,Tygda,RU,53.11,126.33,20.87,53,92,3.41
621,Bontang,ID,0.12,117.47,27.62,97,8,3.76
622,Alvinopolis,BR,-20.11,-43.05,23.17,73,0,2.21
623,Matara,LK,5.95,80.54,23.47,100,92,4.46
624,Port Hedland,AU,-20.31,118.58,16.0,63,0,3.1
625,Upata,VE,8.02,-62.41,23.97,99,92,2.11
626,Ruidoso,US,33.33,-105.67,22.2,68,1,2.6
627,Carutapera,BR,-1.2,-46.02,27.87,89,32,3.51
628,Sayyan,YE,15.17,44.32,25.0,13,20,4.1
629,Spanish Town,JM,18.0,-76.95,32.0,62,20,8.2
630,Aitape,PG,-3.15,142.36,26.52,100,56,1.91
631,Batticaloa,LK,7.71,81.69,28.77,91,24,8.26
632,Bedele,ET,8.46,36.35,18.27,87,88,1.21
633,Yining,CN,29.04,114.56,22.77,100,68,0.86
634,Moche,PE,-8.17,-79.01,18.0,82,90,2.6
635,Guerrero Negro,MX,27.97,-114.04,23.27,62,0,1.56
636,Luganville,VU,-15.51,167.18,25.47,100,48,4.36
637,Zholymbet,KZ,51.74,71.71,24.87,71,0,2.61
638,Sadao,TH,6.63,100.42,27.7,83,40,1.5
639,Naifaru,MV,5.44,73.37,28.97,97,88,7.01
640,Hami,CN,42.84,93.51,25.32,36,32,1.51
641,Xiantao,CN,30.37,113.44,26.12,94,92,1.41
642,Meadow Lake,CA,54.13,-108.44,12.0,87,40,4.1
643,Tupelo,US,34.26,-88.7,24.0,83,90,4.6
644,Nacozari,MX,25.34,-108.26,29.47,61,24,1.61
645,Byron Bay,AU,-28.65,153.62,6.0,93,0,1.0
646,Chauk,MM,20.89,94.82,27.72,72,68,5.96
647,Dingzhou,CN,38.51,115.0,27.0,83,92,1.0
648,Saint-Joseph,RE,-21.37,55.62,22.0,60,0,8.2
649,Navalcarnero,ES,40.29,-4.01,33.0,22,40,2.1
650,Bushehr,IR,28.97,50.84,37.15,60,0,5.1
651,Barranca,PE,-10.75,-77.76,16.12,100,88,1.61
652,Mugumu,TZ,-1.84,34.67,22.92,49,32,1.21
653,Mangan,IN,27.5,88.54,9.57,98,92,0.41
654,Tomigusuku,JP,26.18,127.67,27.32,78,20,3.6
655,Rowlett,US,32.9,-96.56,27.84,74,1,2.21
656,Diglur,IN,18.55,77.6,24.87,79,88,5.71
657,Campbell River,CA,50.02,-125.24,14.03,100,20,1.5
658,Kapuskasing,CA,49.42,-82.43,24.0,57,75,10.8
659,Gorontalo,ID,0.54,123.06,25.37,79,36,2.36
660,Phalodi,IN,27.13,72.36,36.77,32,0,2.76
661,Harbour Breton,CA,47.48,-55.8,12.32,84,44,7.81
662,Winneba,GH,5.35,-0.62,28.0,74,40,7.2
663,Boden,SE,65.83,21.69,22.0,46,0,3.1
664,Yasothon,TH,15.8,104.15,25.0,94,75,2.21
665,Dunmore Town,BS,25.5,-76.65,28.62,100,0,3.56
666,Namie,JP,37.52,140.86,22.37,92,64,2.76
667,Velez-Malaga,ES,36.77,-4.1,32.89,37,0,5.1
668,Brae,GB,60.4,-1.35,13.0,62,48,7.2
669,Samdari,IN,25.81,72.58,31.52,56,36,2.21
670,Kaseda,JP,31.42,130.32,25.72,96,8,6.26
671,Quang Ngai,VN,15.12,108.8,22.27,96,56,0.96
672,Baza,ES,37.49,-2.77,30.27,25,0,0.86
673,Felipe Carrillo Puerto,MX,19.58,-88.05,28.62,81,92,1.66
674,Shiyan,CN,32.65,110.78,24.12,81,92,1.01
675,Batagay,RU,67.65,134.64,20.82,85,0,1.31
676,Madrid,ES,40.42,-3.7,33.0,22,40,2.1
677,Sungaipenuh,ID,-2.08,101.38,20.02,97,76,0.76
678,San Cristobal,EC,-1.02,-79.44,19.82,91,0,0.61
679,Najran,SA,17.54,44.22,38.0,9,40,7.7
680,Abhar,IR,36.14,49.22,32.12,12,0,2.96
681,Miranda,BR,-20.24,-56.38,28.17,53,0,2.41
682,Buritis,BR,-15.62,-46.42,27.67,49,0,2.31
683,Acapulco,MX,16.86,-99.88,28.0,69,75,3.6
684,Sesheke,ZM,-17.48,24.3,21.52,44,20,3.26
685,Cacador,BR,-26.78,-51.02,14.52,96,76,4.01
686,Itoman,JP,26.12,127.67,27.32,78,20,3.6
687,Anju,CN,31.75,113.2,25.27,96,92,1.86
688,Agirish,RU,61.92,63.02,19.47,93,88,1.21
689,Pingxiang,CN,27.63,113.85,23.37,97,64,0.91
690,Cananea,MX,30.98,-110.3,26.0,41,1,2.6
691,Iberia,PE,-11.41,-69.49,28.42,69,32,1.31
692,Kerema,PG,-7.96,145.78,22.27,98,92,0.96
693,Jiamusi,CN,46.81,130.37,18.72,95,92,4.41
694,Calabozo,VE,8.92,-67.43,31.47,61,12,3.66
695,Kharhial,IN,20.28,82.77,24.62,96,88,1.81
696,Erenhot,CN,43.65,111.97,20.62,37,88,5.36
697,Tangping,CN,33.69,105.67,20.77,75,100,0.21
698,Seminole,US,32.72,-102.64,21.78,73,1,2.1
699,Espinosa,BR,-14.92,-42.81,26.62,47,0,3.66
700,Bada,RU,51.39,109.87,10.77,62,92,4.11
701,Wajima,JP,37.4,136.9,22.12,95,68,0.96
702,Corner Brook,CA,48.95,-57.95,17.88,52,40,9.8
703,Roros,NO,62.57,11.38,18.0,48,92,6.7
704,Tevaitoa,PF,-16.78,-151.5,27.07,98,32,3.36
705,Bull Savanna,JM,17.89,-77.59,30.47,53,8,3.51
706,Kardla,EE,58.44,26.57,22.0,60,92,5.7
707,Omboue,GA,-1.57,9.26,23.27,100,20,5.46
708,Caraz,PE,-9.05,-77.81,17.92,30,0,0.66
709,Brecht,BE,51.35,4.64,25.62,31,0,5.7
710,Chernyakhovsk,RU,54.64,21.81,20.52,61,0,6.51
711,Inuvik,CA,68.36,-133.71,14.88,72,75,3.6
712,Benguela,AO,-12.58,13.4,23.87,94,0,2.86
713,Ashtabula,US,41.87,-80.79,21.99,56,1,3.6
714,Nhulunbuy,AU,-12.18,136.78,24.0,78,75,5.1
715,Palu,ID,-0.9,119.87,19.27,96,36,0.51
716,Ano Mera,GR,37.45,25.4,28.99,54,0,7.7
717,Sargans,CH,47.05,9.44,23.65,47,0,2.1
718,Boromo,BF,11.74,-2.93,34.67,60,8,1.66
719,Chimala,TZ,-8.86,34.02,17.27,68,24,3.31
720,Impfondo,CG,1.64,18.07,30.62,64,8,1.41
721,Necochea,AR,-38.55,-58.74,8.87,100,92,4.11
722,Groningen,SR,5.79,-55.48,29.47,62,40,4.1
723,San Rafael,AR,-34.61,-68.33,3.17,78,20,1.96
724,Batangafo,CF,7.3,18.29,26.17,90,64,2.51
725,Sabzevar,IR,36.21,57.68,38.0,12,0,8.2
726,Fort-Shevchenko,KZ,44.51,50.26,28.87,71,0,4.06
727,Busembatia,UG,0.77,33.62,22.57,72,44,3.11
728,Dekar,BW,-21.53,21.93,14.37,75,100,4.31
729,Antequera,PY,-24.09,-57.2,14.92,90,92,3.76
730,Abong Mbang,CM,3.98,13.18,22.87,88,80,1.21
731,Arvin,US,35.21,-118.83,26.36,47,1,2.1
732,Zarya,RU,45.67,39.64,32.37,29,68,2.11
733,Rizhao,CN,35.43,119.46,22.57,97,100,6.06
734,Sambava,MG,-14.27,50.17,24.67,100,32,9.31
735,Zermatt,CH,46.02,7.75,30.0,35,0,7.7
736,Alamosa,US,37.47,-105.87,16.0,67,1,2.1
737,Varberg,SE,57.11,12.25,24.0,50,0,6.2
738,Pereyaslovskaya,RU,45.84,39.02,32.52,29,44,2.36
739,Klyuchi,RU,52.25,79.17,21.42,46,0,4.06
740,Zabol,IR,31.03,61.49,44.0,5,0,7.2
741,Sumbe,AO,-11.2,13.84,24.97,81,0,4.91
742,Hagi,JP,34.43,131.51,24.0,88,75,3.6
743,Mahajanga,MG,-15.72,46.32,30.0,30,20,3.1
744,Arman,RU,59.7,150.17,13.0,93,20,0.51
745,Coro,VE,11.41,-69.67,30.17,64,0,5.11
746,Plyussa,RU,58.42,29.37,18.67,85,48,2.96
747,Sur,OM,22.57,59.53,31.67,83,8,0.31
748,Tessalit,ML,20.2,1.01,41.67,11,8,5.21
749,Semey,KZ,50.41,80.25,22.67,36,0,4.01
750,Qaqortoq,GL,60.72,-46.03,9.0,81,75,4.1
751,Sherbakul,RU,54.63,72.39,26.77,60,48,2.06
752,Bongandanga,CD,1.51,21.07,32.52,42,0,1.01
753,Arica,CL,-18.48,-70.32,13.83,67,90,1.5
754,Palampur,IN,32.11,76.54,4.82,80,20,0.41
755,Kambove,CD,-10.88,26.6,22.77,39,0,3.46
756,Tignere,CM,7.37,12.65,21.67,99,48,1.31
757,Inirida,CO,3.87,-67.92,22.07,100,92,0.86
758,Kibakwe,TZ,-6.71,36.37,19.87,61,0,3.56
759,Pundaguitan,PH,6.37,126.17,28.47,100,48,2.96
760,Burrel,AL,41.61,20.01,28.0,51,20,5.1
761,Igurusi,TZ,-8.83,33.85,15.37,71,0,2.81
762,Acaponeta,MX,22.49,-105.36,27.97,88,76,0.91
763,Anadyr,RU,64.73,177.51,6.0,93,90,5.0
764,Puerto Ayacucho,VE,5.66,-67.62,26.0,88,40,1.5
765,Gizo,SB,-8.1,156.84,26.47,100,80,5.81
766,Namatanai,PG,-3.66,152.44,26.62,100,88,2.21
767,Artigas,UY,-30.4,-56.47,12.72,84,44,7.51
768,Ust-Omchug,RU,61.13,149.63,13.82,78,12,1.06
769,Smiltene,LV,57.42,25.9,20.77,72,68,4.66
770,Bako,ET,5.83,36.63,20.07,69,8,0.76
771,Isla Mujeres,MX,21.23,-86.73,28.0,78,75,3.1
772,Council Bluffs,US,41.26,-95.86,22.73,73,1,4.6
773,Waipawa,NZ,-39.94,176.59,12.62,66,76,6.86
774,Sliven,BG,42.68,26.32,23.82,62,20,1.51
775,Wajid,SO,3.81,43.25,29.17,44,12,7.26
776,Puerto Carreno,CO,6.19,-67.49,26.0,88,40,1.5
777,Ozark,US,37.02,-93.21,23.46,64,1,4.1
778,Coaticook,CA,45.13,-71.8,21.64,53,1,2.06
779,Krasnolesnyy,RU,51.88,39.59,24.0,44,0,8.0
780,Pavlovo,RU,55.97,43.07,24.0,57,40,3.0
781,Pringsewu,ID,-5.36,104.98,25.27,71,8,1.61
782,Flin Flon,CA,54.77,-101.88,15.0,72,75,7.2
783,Machali,CL,-34.18,-70.67,10.77,83,8,0.56
784,Revelstoke,CA,50.99,-118.19,11.0,93,1,0.86
785,Dallas,US,32.78,-96.8,27.87,74,1,2.21
786,Vylkove,UA,45.4,29.58,24.37,78,76,1.56
787,Butembo,CD,0.12,29.29,24.47,45,0,0.96
788,Moosomin,CA,50.14,-101.67,21.52,67,0,2.41
789,Imbituba,BR,-28.24,-48.67,20.0,77,20,5.1
790,Uyemskiy,RU,64.47,40.85,15.0,82,90,5.0
791,La Asuncion,VE,11.03,-63.86,26.37,100,56,4.31
792,Ferma,RU,57.9,56.31,24.0,57,40,1.0
793,Pilar,PH,14.67,120.55,26.51,100,40,1.5
794,Niamey,NE,13.52,2.11,34.0,32,0,3.6
795,Praia da Vitoria,PT,38.73,-27.07,25.0,69,20,4.91
796,Opuwo,NA,-18.06,13.84,23.87,22,0,3.06
797,Pacifica,US,37.61,-122.49,15.51,93,20,3.6
798,Ryazhsk,RU,53.71,40.06,20.52,68,88,5.56
799,Mutare,ZW,-18.97,32.67,15.12,99,92,1.21
800,Yangjiang,CN,21.85,111.96,29.37,100,92,5.86
801,Oudtshoorn,ZA,-33.59,22.2,22.0,29,0,4.1
802,Hervey Bay,AU,-25.3,152.85,14.27,100,0,5.56
803,Tuy Hoa,VN,13.08,109.3,26.17,93,68,2.06
804,Nizhniy Baskunchak,RU,48.22,46.83,32.62,28,48,6.01
805,Skibbereen,IE,51.55,-9.27,23.0,49,20,3.1
806,Mathbaria,BD,22.29,89.96,26.62,98,100,5.26
807,Rayong,TH,12.68,101.28,30.0,66,20,2.1
808,Muisne,EC,0.61,-80.02,25.47,87,56,1.76
809,Teguldet,RU,57.31,88.17,15.22,61,0,2.21
810,Butiama,TZ,-1.77,33.97,25.47,36,68,1.86
811,Deer Lake,CA,49.18,-57.43,21.0,52,40,9.8
812,Lac-Megantic,CA,45.58,-70.88,21.06,56,1,2.1
813,Barth,DE,54.37,12.73,22.0,64,40,4.6
814,Altotonga,MX,19.76,-97.24,19.07,75,24,0.71
815,Kamenka,RU,53.19,44.05,21.02,75,36,3.66
816,Bagdarin,RU,54.44,113.59,10.67,97,92,3.66
817,Fort Portal,UG,0.66,30.28,23.67,48,76,0.11
818,Antigonish,CA,45.62,-61.99,24.0,50,1,5.1
819,Kuching,MY,1.56,110.34,26.0,94,75,2.1
820,Nishihara,JP,35.74,139.53,25.55,88,40,3.1
821,College,US,64.86,-147.8,16.98,67,90,4.46
822,Temir,KZ,49.14,57.13,31.62,28,56,4.66
823,Slave Lake,CA,55.28,-114.77,12.0,81,40,3.6
824,Abha,SA,18.22,42.5,30.09,39,75,6.7
825,Kirovsk,RU,67.62,33.66,16.67,51,0,2.51
826,Clayton,US,36.45,-103.19,20.0,77,1,4.6
827,Juegang,CN,32.31,121.18,26.87,88,32,6.26
828,Poshekhonye,RU,58.5,39.12,19.62,90,48,2.66
829,Kattivakkam,IN,13.22,80.32,33.0,52,40,5.1
830,Bima,ID,-8.45,118.73,21.97,100,44,1.51
831,Port Hawkesbury,CA,45.62,-61.36,24.0,50,1,5.1
832,Juneau,US,58.3,-134.42,12.86,82,90,2.6
833,Bandar-e Lengeh,IR,26.56,54.88,36.0,50,88,6.2
834,Maine-Soroa,NE,13.21,12.02,33.07,69,0,1.76
835,Laje,BR,-13.18,-39.42,24.57,78,20,3.26
836,Aanekoski,FI,62.6,25.73,19.0,63,90,3.1
837,Boysun,UZ,38.2,67.2,24.82,21,0,0.66
838,Maraa,BR,-1.83,-65.37,29.52,78,0,1.66
839,Msanga,TZ,-6.04,36.03,23.47,44,32,5.46
840,Koshurnikovo,RU,54.3,93.39,9.67,64,0,2.76
841,Ormara,PK,25.21,64.64,29.17,90,88,7.36
842,Moree,AU,-29.46,149.84,4.87,93,0,2.51
843,Cape Coast,GH,5.11,-1.24,28.87,74,36,3.86
844,Patti,IN,31.28,74.86,35.52,59,0,3.6
845,Tynda,RU,55.15,124.74,17.72,69,92,2.86
846,Hohhot,CN,40.81,111.65,21.0,64,20,1.0
847,Belyy Yar,RU,53.6,91.39,19.0,45,0,4.0
848,Yamada,JP,36.58,137.08,24.0,94,40,0.5
849,Vanderhoof,CA,54.02,-124.02,12.97,75,0,1.51
850,Yangcun,CN,29.98,118.17,23.77,98,80,0.76
851,Point Pleasant,US,40.08,-74.07,22.88,56,1,2.1
852,Todos Santos,MX,23.45,-110.23,26.59,69,40,0.91
853,Ruteng,ID,-8.61,120.46,22.37,88,0,1.31
854,Lahaina,US,20.87,-156.68,22.7,88,20,6.2
855,Falavarjan,IR,32.56,51.51,35.28,6,20,2.1
856,Galbshtadt,RU,53.23,78.98,20.47,52,0,3.41
857,Rokupr,SL,9.01,-12.95,25.82,100,64,3.76
858,Olavarria,AR,-36.89,-60.32,9.12,100,56,3.66
859,Kisaran,ID,2.98,99.62,23.97,99,48,1.76
860,Camalu,MX,30.85,-116.07,24.77,51,0,0.91
861,Uxbridge,CA,44.11,-79.13,24.0,49,1,2.1
862,Batagay-Alyta,RU,67.8,130.41,18.52,70,0,1.46
863,Panguna,PG,-6.32,155.48,22.97,94,56,1.41
864,Port Lincoln,AU,-34.72,135.86,12.72,100,92,2.46
865,Sagua la Grande,CU,22.81,-80.07,28.0,74,40,3.6
866,Esmeraldas,EC,-1.87,-79.8,23.0,78,90,4.6
867,Tay Ninh,VN,11.3,106.1,23.12,99,92,1.31
868,Vidim,RU,56.41,103.11,11.52,74,92,3.11
869,Tungor,RU,53.39,142.95,13.27,61,0,2.41
870,Nanchong,CN,30.8,106.08,23.62,95,92,3.56
871,Lerwick,GB,60.15,-1.15,13.0,62,56,7.2
872,General Cepeda,MX,25.38,-101.48,20.0,56,75,1.56
873,Ucluelet,CA,48.94,-125.55,12.0,100,20,1.01
874,Guayaramerin,BO,-10.82,-65.36,30.0,51,0,1.0
875,Katsina,NG,12.99,7.6,33.67,57,44,1.96
876,Vostok,RU,46.45,135.83,9.07,79,44,1.01
877,Bolobo,CD,-2.17,16.23,31.32,48,0,1.26
878,Guilin,CN,25.28,110.29,24.0,100,90,2.0
879,Pierre,US,44.37,-100.35,27.0,65,1,5.7
880,Yar-Sale,RU,66.83,70.83,13.67,85,88,2.26
881,Suvorovo,BG,43.33,27.59,21.0,88,40,4.6
882,Joao Pinheiro,BR,-17.74,-46.17,26.97,60,0,1.31
883,Udarnyy,RU,54.34,42.86,20.67,76,48,1.86
884,Berea,US,41.37,-81.85,22.22,49,40,3.1
885,Pogradec,AL,40.9,20.66,23.0,56,75,2.6
886,Ayorou,NE,14.73,0.92,36.22,53,8,2.06
887,Ahipara,NZ,-35.17,173.16,13.32,100,92,10.41
888,Pyapon,MM,16.29,95.68,24.12,100,92,4.26
889,Montepuez,MZ,-13.13,39.0,21.67,77,92,4.21
890,Novoshcherbinovskaya,RU,46.48,38.65,29.77,62,8,3.91
891,Garden City,US,40.73,-73.63,23.0,49,1,1.5
892,Zatoka,UA,49.85,23.68,19.0,77,75,2.0
893,Shelby,US,48.51,-111.86,15.0,44,1,2.1
894,Alpena,US,45.06,-83.43,24.35,47,1,5.1
895,Bambanglipuro,ID,-7.95,110.28,20.27,96,0,1.36
896,Farafangana,MG,-22.82,47.83,21.52,100,92,5.96
897,Nuuk,GL,64.17,-51.74,7.0,81,40,4.1
898,Ketchikan,US,55.34,-131.65,14.0,87,90,1.21
899,Mantua,CU,22.29,-84.28,28.62,83,56,3.21
900,Kango,GA,0.19,10.1,29.12,76,0,1.41
901,Riyadh,SA,24.63,46.72,43.0,6,0,3.6
902,Humboldt,CA,52.21,-105.12,18.82,55,20,4.91
903,Creel,MX,27.75,-107.63,18.12,58,44,1.46
904,Kavkazskiy,RU,45.73,39.01,32.52,29,44,2.36
905,George,ZA,-33.96,22.46,22.0,58,0,4.1
906,Mogzon,RU,51.74,111.97,9.02,84,92,5.11
907,Astaneh-ye Ashrafiyeh,IR,37.26,49.94,28.0,78,90,1.11
908,Christchurch,NZ,-43.53,172.64,5.0,80,8,1.5
909,Qingdao,CN,36.09,120.35,23.0,88,75,3.0
910,Solnechnyy,RU,50.72,136.64,16.12,88,20,1.06
911,Ust-Kishert,RU,57.36,57.24,20.67,84,64,1.96
912,Kastrakion,GR,39.72,21.62,25.0,50,40,6.2
913,Caborca,MX,30.58,-111.1,27.17,50,0,1.81
914,Miraflores,CO,5.2,-73.14,15.27,71,56,1.16
915,Joshimath,IN,30.57,79.57,2.97,94,12,0.06
916,Gimli,CA,50.63,-96.99,24.62,73,92,4.31
917,Eyl,SO,7.98,49.82,30.97,59,8,10.06
918,Yingkou,CN,40.67,122.24,21.02,99,92,5.11
919,Biltine,TD,14.53,20.93,34.17,40,0,4.81
920,Pravdinsk,RU,54.45,21.01,20.0,49,0,7.0
921,Gardelegen,DE,52.53,11.39,25.0,41,0,4.1
922,Kjopsvik,NO,68.1,16.37,14.0,67,20,2.1
923,Dhidhdhoo,MV,6.88,73.1,28.87,97,76,7.91
924,Yerofey Pavlovich,RU,53.97,121.97,13.62,99,100,3.96
925,Yarada,IN,17.65,83.27,29.47,95,64,10.26
926,Kombissiri,BF,12.07,-1.34,32.0,46,0,3.1
927,Cortez,US,37.35,-108.58,18.0,59,1,1.5
928,Canto do Buriti,BR,-8.11,-42.94,30.92,40,12,5.21
929,Adre,TD,13.47,22.2,31.72,46,64,3.46
930,Yertarskiy,RU,56.79,64.3,27.02,46,92,5.66
931,Gunjur,GM,13.18,-16.76,28.0,83,75,2.1
932,Micco,US,27.85,-80.5,28.2,74,1,3.1
933,Swellendam,ZA,-34.02,20.44,25.0,25,0,3.1
934,Sinnamary,GF,5.38,-52.96,29.02,87,64,5.16
935,Dergachi,RU,51.24,48.77,29.27,35,64,6.46
936,Wageningen,SR,5.77,-56.69,28.17,96,0,4.91
937,Port Moresby,PG,-9.47,147.16,24.0,94,75,4.1
938,Oosterhout,NL,51.65,4.86,25.66,34,20,3.6
939,Martinsicuro,IT,42.89,13.92,28.0,48,0,6.2
940,Soure,BR,-0.72,-48.52,29.12,83,0,3.66
941,Banepa,NP,27.63,85.52,23.0,88,40,3.1
942,Bristol,US,36.59,-82.19,21.39,60,1,4.1
943,Nurota,UZ,40.56,65.69,39.0,10,0,4.1
944,Teya,RU,60.37,92.63,12.87,74,0,1.31
945,Kulachi,PK,31.93,70.46,31.97,36,88,0.86
946,Cairns,AU,-16.92,145.77,20.0,72,20,4.6
947,Tilichiki,RU,60.47,166.1,11.02,82,12,1.56
948,Darhan,MN,49.49,105.92,10.52,85,36,1.21
949,Ambilobe,MG,-13.19,49.05,25.97,43,36,5.76
950,Wuwei,CN,37.93,102.64,11.27,90,56,1.56
951,Minggang,CN,32.45,114.03,26.52,86,100,2.66
952,Manokwari,ID,-0.87,134.08,26.32,100,92,3.86
953,Mandalgovi,MN,45.76,106.27,12.87,37,0,4.46
954,Great Bend,US,38.36,-98.78,24.35,64,1,5.7
955,Steyregg,AT,48.29,14.37,25.0,36,75,5.1
956,Krasnomayskiy,RU,55.0,82.52,21.0,52,0,4.0
957,Piombino,IT,42.93,10.52,28.62,69,20,1.86
958,Comayagua,HN,14.45,-87.64,23.06,68,75,8.2
959,Alice Springs,AU,-23.7,133.88,4.0,51,0,3.6
960,Bonthe,SL,7.53,-12.5,26.67,88,80,1.56
961,Lekoni,GA,-1.58,14.26,29.07,57,0,4.21
962,Askino,RU,56.09,56.58,22.62,73,56,3.21
963,Jupiter,US,26.93,-80.09,29.26,62,75,2.1
964,Sanmenxia,CN,34.77,111.19,21.62,90,76,1.31
965,Baherden,TM,38.44,57.43,38.62,16,20,2.11
966,Union,PH,12.9,124.09,27.62,100,76,1.96
967,Sol-Iletsk,RU,51.16,55.0,29.87,29,0,4.41
968,Kiruna,SE,67.86,20.23,19.0,37,0,1.0
969,Havoysund,NO,71.0,24.66,15.0,67,0,5.1
970,Pozo Colorado,PY,-23.49,-58.8,13.72,88,92,6.26
971,Sabya,SA,17.15,42.62,35.0,53,40,8.7
972,Grants,US,35.15,-107.85,21.0,49,1,4.1
973,Palauig,PH,15.44,119.9,24.12,100,80,2.56
974,Maralal,KE,1.1,36.7,19.37,79,68,1.21
975,Rudnogorsk,RU,57.27,103.75,9.97,99,92,2.56
976,Lakatoro,VU,-16.11,167.42,23.17,96,20,2.96
977,Thunder Bay,CA,48.41,-89.26,19.0,77,75,3.1
978,Molepolole,BW,-24.41,25.52,16.47,55,0,2.06
979,Novyy Urengoy,RU,66.08,76.63,19.52,94,92,4.81
980,Sernur,RU,56.93,49.15,23.47,78,56,1.96
981,Lere,NG,10.39,8.57,23.17,100,20,1.66
982,Valdez,EC,-1.98,-79.62,23.0,78,90,4.6
983,Alugan,PH,12.22,125.48,25.07,100,68,1.61
984,Le Pradet,FR,46.44,1.83,29.0,37,0,5.7
985,Visby,SE,57.64,18.3,20.0,45,0,4.1
986,Stykkisholmur,IS,65.08,-22.73,9.37,99,92,8.36
987,Antofagasta,CL,-23.65,-70.4,15.0,67,75,2.1
988,Camocim,BR,-2.9,-40.84,29.57,74,8,5.16
989,Hue,VN,16.47,107.58,29.0,83,20,1.0
990,Srandakan,ID,-7.94,110.25,20.27,96,0,1.36
991,Sao Jose da Coroa Grande,BR,-8.9,-35.15,24.67,94,92,4.41
992,Natal,BR,-5.81,-35.21,28.0,61,40,6.7
993,Mamakan,RU,57.82,114.02,12.42,98,92,0.96
994,Tutoia,BR,-2.76,-42.27,29.0,70,75,6.7
995,Katima Mulilo,NA,-17.5,24.28,21.52,44,20,3.26
996,Valparaiso,CL,-33.04,-71.63,11.94,71,0,2.1
997,Paldiski,EE,59.35,24.08,20.0,68,40,5.7
998,Maungatapere,NZ,-35.76,174.21,12.92,90,64,9.76
999,Tahoua,NE,14.89,5.26,36.42,46,20,0.91
